{
    "projectiles": [
        {
            "type": "PUNCH",
            "data": {
                "assetType": "spirit",
                "updateFunc": "standard",
                "damage": 6,
                "falloffAmount": 0,
                "force": 0.02,
                "speed": 230,
                "horzBounciness": 0,
                "vertBounciness": 0,
                "bounceCount": 0,
                "reflectEffect": null,
                "hitEffect": null,
                "duration": 0
            }
        },
        {
            "type": "PISTOL_BOLT",
            "data": {
                "assetType": "3d",
                "asset": "wrbolt.3do",
                "fullBright": true,
                "zeroWidth": true,
                "updateFunc": "standard",
                "damage": 10,
                "minDamage": 1,
                "falloffAmount": 1,
                "nextFalloffTick": 14,
                "damageFalloffDelta": 14,
                "force": 0.01,
                "speed": 250,
                "horzBounciness": 1,
                "vertBounciness": 1,
                "bounceCount": 3,
                "reflectVariation": 9,
                "reflectEffect": "SMALL_EXP",
                "hitEffect": "SMALL_EXP",
                "duration": 3.0,
                "cameraPassSound": "lasrby.voc",
                "reflectSound": "boltref1.voc"
            }
        },
        {
            "type": "RIFLE_BOLT",
            "data": {
                "assetType": "3d",
                "asset": "wrbolt.3do",
                "fullBright": true,
                "zeroWidth": true,
                "updateFunc": "standard",
                "damage": 10,
                "minDamage": 1,
                "falloffAmount": 0.8,
                "nextFalloffTick": 14,
                "damageFalloffDelta": 14,
                "force": 0.01,
                "speed": 250,
                "horzBounciness": 1,
                "vertBounciness": 1,
                "bounceCount": 3,
                "reflectVariation": 9,
                "reflectEffect": "SMALL_EXP",
                "hitEffect": "SMALL_EXP",
                "duration": 4.0,
                "cameraPassSound": "lasrby.voc",
                "reflectSound": "boltref1.voc"
            }
        },
        {
            "type": "THERMAL_DET",
            "data": {
                "assetType": "frame",
                "asset": "wdet.fme",
                "zeroWidth": true,
                "movable": true,
                "updateFunc": "arcing",
                "damage": 0,
                "minDamage": 1,
                "falloffAmount": 0,
                "damageFalloffDelta": 0,
                "force": 0.1,
                "speed": 80,
                "horzBounciness": 0.45,
                "vertBounciness": 0.89,
                "bounceCount": -1,
                "reflectEffect": null,
                "hitEffect": "thermdet_exp",
                "duration": 3.0,
                "cameraPassSound": null,
                "reflectSound": "thermal1.voc",
                "explodeOnTimeout": true
            }
        },
        {
            "type": "REPEATER",
            "data": {
                "assetType": "frame",
                "asset": "bullet.fme",
                "fullBright": true,
                "zeroWidth": true,
                "updateFunc": "standard",
                "damage": 10,
                "minDamage": 1,
                "falloffAmount": 0.3,
                "nextFalloffTick": 19660,
                "damageFalloffDelta": 19660,
                "force": 0.03,
                "speed": 270,
                "horzBounciness": 0,
                "vertBounciness": 0,
                "bounceCount": 3,
                "reflectVariation": 9,
                "reflectEffect": null,
                "hitEffect": "REPEATER_EXP",
                "duration": 4.0,
                "cameraPassSound": "lasrby.voc",
                "reflectSound": "boltref1.voc"
            }
        },
        {
            "type": "PLASMA",
            "data": {
                "assetType": "sprite",
                "asset": "wemiss.wax",
                "fullBright": true,
                "zeroWidth": true,
                "updateFunc": "standard",
                "damage": 15,
                "minDamage": 1,
                "falloffAmount": 0.6,
                "nextFalloffTick": 29,
                "damageFalloffDelta": 29,
                "force": 0.05,
                "speed": 100,
                "horzBounciness": 0.9,
                "vertBounciness": 0.9,
                "bounceCount": 3,
                "reflectVariation": 9,
                "reflectEffect": null,
                "hitEffect": "PLASMA_EXP",
                "duration": 10.0,
                "cameraPassSound": "emisby.voc",
                "reflectSound": "bigrefl1.voc"
            }
        },
        {
            "type": "MORTAR",
            "data": {
                "assetType": "sprite",
                "asset": "wshell.wax",
                "zeroWidth": true,
                "updateFunc": "arcing",
                "damage": 0,
                "falloffAmount": 0,
                "damageFalloffDelta": 0,
                "force": 0.2,
                "speed": 110,
                "horzBounciness": 0.4,
                "vertBounciness": 0.6,
                "bounceCount": 0,
                "reflectEffect": null,
                "hitEffect": "MORTAR_EXP",
                "duration": 4.0
            }
        },
        {
            "type": "LAND_MINE",
            "data": {
                "assetType": "frame",
                "asset": "wmine.fme",
                "zeroWidth": true,
                "movable": true,
                "updateFunc": "arcing",
                "damage": 0,
                "falloffAmount": 0,
                "damageFalloffDelta": 0,
                "force": 0.2,
                "speed": 0,
                "horzBounciness": 0,
                "vertBounciness": 0,
                "bounceCount": -1,
                "reflectEffect": null,
                "hitEffect": "LARGE_EXP",
                "duration": 3.0,
                "explodeOnTimeout": true
            }
        },
        {
            "type": "LAND_MINE_PROX",
            "data": {
                "assetType": "frame",
                "asset": "wmine.fme",
                "zeroWidth": true,
                "movable": true,
                "updateFunc": "arcing",
                "damage": 0,
                "falloffAmount": 0,
                "damageFalloffDelta": 0,
                "force": 0.2,
                "speed": 0,
                "horzBounciness": 0,
                "vertBounciness": 0,
                "bounceCount": -1,
                "reflectEffect": null,
                "hitEffect": "LARGE_EXP",
                "duration": 3.0,
                "explodeOnTimeout": true
            }
        },
        {
            "type": "LAND_MINE_PLACED",
            "data": {
                "assetType": "frame",
                "asset": "wlmine.fme",
                "zeroWidth": true,
                "movable": true,
                "updateFunc": "landmine",
                "damage": 0,
                "falloffAmount": 0,
                "force": 0.2,
                "speed": 0,
                "horzBounciness": 0,
                "vertBounciness": 0,
                "bounceCount": -1,
                "reflectEffect": null,
                "hitEffect": "LARGE_EXP",
                "duration": 0,
                "explodeOnTimeout": true
            }
        },
        {
            "type": "CONCUSSION",
            "data": {
                "assetType": "spirit",
                "zeroWidth": true,
                "updateFunc": "standard",
                "damage": 0,
                "falloffAmount": 0,
                "damageFalloffDelta": 0,
                "force": 0.06,
                "speed": 190,
                "horzBounciness": 0.9,
                "vertBounciness": 0.9,
                "bounceCount": 0,
                "reflectEffect": null,
                "hitEffect": "concussion",
                "duration": 5.0
            }
        },
        {
            "type": "CANNON",
            "data": {
                "assetType": "sprite",
                "asset": "wplasma.wax",
                "fullBright": true,
                "zeroWidth": true,
                "updateFunc": "standard",
                "damage": 30,
                "falloffAmount": 0,
                "damageFalloffDelta": 0,
                "force": 0.061523438,
                "speed": 100,
                "horzBounciness": 0.9,
                "vertBounciness": 0.9,
                "bounceCount": 3,
                "reflectVariation": 18,
                "reflectEffect": null,
                "hitEffect": "CANNON_EXP",
                "duration": 4.0,
                "cameraPassSound": "emisby.voc",
                "reflectSound": "bigrefl1.voc"
            }
        },
        {
            "type": "MISSILE",
            "data": {
                "assetType": "sprite",
                "asset": "wmsl.wax",
                "zeroWidth": true,
                "updateFunc": "standard",
                "damage": 0,
                "falloffAmount": 0,
                "damageFalloffDelta": 0,
                "force": 1,
                "speed": 74,
                "horzBounciness": 0.9,
                "vertBounciness": 0.9,
                "bounceCount": 0,
                "reflectEffect": null,
                "hitEffect": "MISSILE_EXP",
                "duration": 7.0,
                "flightSound": "rocket-1.voc"
            }
        },
        {
            "type": "TURRET_BOLT",
            "data": {
                "assetType": "3d",
                "asset": "wgbolt.3do",
                "fullBright": true,
                "zeroWidth": true,
                "updateFunc": "standard",
                "damage": 17,
                "minDamage": 1,
                "falloffAmount": 1,
                "nextFalloffTick": 14,
                "damageFalloffDelta": 14,
                "force": 0.03,
                "speed": 300,
                "horzBounciness": 1,
                "vertBounciness": 1,
                "bounceCount": 3,
                "reflectVariation": 9,
                "reflectEffect": "SMALL_EXP",
                "hitEffect": "SMALL_EXP",
                "duration": 3.0,
                "cameraPassSound": "lasrby.voc",
                "reflectSound": "boltref1.voc"
            }
        },
        {
            "type": "REMOTE_BOLT",
            "data": {
                "assetType": "3d",
                "asset": "wgbolt.3do",
                "fullBright": true,
                "zeroWidth": true,
                "updateFunc": "standard",
                "damage": 1,
                "minDamage": 0,
                "falloffAmount": 1,
                "nextFalloffTick": 14,
                "damageFalloffDelta": 14,
                "force": 0.01,
                "speed": 300,
                "horzBounciness": 1,
                "vertBounciness": 1,
                "bounceCount": 3,
                "reflectVariation": 9,
                "reflectEffect": "SMALL_EXP",
                "hitEffect": "SMALL_EXP",
                "duration": 3.0,
                "cameraPassSound": "lasrby.voc",
                "reflectSound": "boltref1.voc"
            }
        },
        {
            "type": "EXP_BARREL",
            "data": {
                "assetType": "spirit",
                "updateFunc": "standard",
                "damage": 0,
                "minDamage": 0,
                "falloffAmount": 0,
                "damageFalloffDelta": 0,
                "force": 0,
                "speed": 0,
                "horzBounciness": 0,
                "vertBounciness": 0,
                "bounceCount": 0,
                "reflectEffect": null,
                "hitEffect": "EXP_BARREL",
                "duration": 0,
                "explodeOnTimeout": true
            }
        },
        {
            "type": "HOMING_MISSILE",
            "data": {
                "assetType": "sprite",
                "asset": "wdt3msl.wax",
                "autoAim": true,
                "updateFunc": "homing",
                "damage": 0,
                "minDamage": 1,
                "falloffAmount": 0,
                "damageFalloffDelta": 65536,
                "force": 1,
                "speed": 29,
                "horzBounciness": 0.9,
                "vertBounciness": 0.9,
                "bounceCount": 0,
				"angularSpeed": 10,
                "reflectEffect": null,
                "hitEffect": "MISSILE_EXP",
                "duration": 10.0,
                "reflectSound": "",
                "flightSound": "tracker.voc",
                "explodeOnTimeout": true
            }
        },
        {
            "type": "PROBE_PROJ",
            "data": {
                "assetType": "sprite",
                "asset": "widball.wax",
                "fullBright": true,
                "zeroWidth": true,
                "updateFunc": "standard",
                "damage": 10,
                "minDamage": 1,
                "falloffAmount": 1,
                "nextFalloffTick": 14,
                "damageFalloffDelta": 14,
                "force": 0.04,
                "speed": 100,
                "horzBounciness": 0.9,
                "vertBounciness": 0.9,
                "bounceCount": 3,
                "reflectVariation": 9,
                "reflectEffect": null,
                "hitEffect": "PLASMA_EXP",
                "duration": 8.0,
                "cameraPassSound": "emisby.voc",
                "reflectSound": "bigrefl1.voc"
            }
        },
        {
            "type": "BOBAFETT_BALL",
            "data": {
                "assetType": "sprite",
                "asset": "bobaball.wax",
                "zeroWidth": true,
                "updateFunc": "standard",
                "damage": 0,
                "falloffAmount": 0,
                "force": 1,
                "speed": 90,
                "horzBounciness": 0.9,
                "vertBounciness": 0.9,
                "bounceCount": 0,
                "reflectEffect": null,
                "hitEffect": "EXP_25",
                "duration": 10.0,
                "cameraPassSound": "fireball.voc"
            }
        }
    ]
}
